<?xml version="1.0" encoding="UTF-8" ?>
<ODM xmlns="http://www.cdisc.org/ns/odm/v1.3" xmlns:ds="http://www.w3.org/2000/09/xmldsig#" xmlns:xsi="http://www.w3.org/2001/XMLSchema-instance" xmlns:redcap="https://projectredcap.org" xsi:schemaLocation="http://www.cdisc.org/ns/odm/v1.3 schema/odm/ODM1-3-1.xsd" ODMVersion="1.3.1" FileOID="000-00-0000" FileType="Snapshot" Description="TEST HACKATON" AsOfDateTime="2020-06-25T13:46:36" CreationDateTime="2020-06-25T13:46:36" SourceSystem="REDCap" SourceSystemVersion="8.5.22">
<Study OID="Project.TESTHACKATON">
<GlobalVariables>
	<StudyName>TEST HACKATON</StudyName>
	<StudyDescription>This file contains the metadata, events, and data for REDCap project "TEST HACKATON".</StudyDescription>
	<ProtocolName>TEST HACKATON</ProtocolName>
	<redcap:RecordAutonumberingEnabled>1</redcap:RecordAutonumberingEnabled>
	<redcap:CustomRecordLabel></redcap:CustomRecordLabel>
	<redcap:SecondaryUniqueField></redcap:SecondaryUniqueField>
	<redcap:SchedulingEnabled>0</redcap:SchedulingEnabled>
	<redcap:Purpose>0</redcap:Purpose>
	<redcap:PurposeOther></redcap:PurposeOther>
	<redcap:ProjectNotes></redcap:ProjectNotes>
</GlobalVariables>
<MetaDataVersion OID="Metadata.TESTHACKATON_2020-06-25_1346" Name="TEST HACKATON" redcap:RecordIdField="record_id">
	<FormDef OID="Form.demographics" Name="Demographics" Repeating="No" redcap:FormName="demographics">
		<ItemGroupRef ItemGroupOID="demographics.record_id" Mandatory="No"/>
		<ItemGroupRef ItemGroupOID="demographics.demographics_complete" Mandatory="No"/>
	</FormDef>
	<ItemGroupDef OID="demographics.record_id" Name="Demographics" Repeating="No">
		<ItemRef ItemOID="record_id" Mandatory="No" redcap:Variable="record_id"/>
		<ItemRef ItemOID="gender" Mandatory="No" redcap:Variable="gender"/>
		<ItemRef ItemOID="dob" Mandatory="No" redcap:Variable="dob"/>
		<ItemRef ItemOID="status" Mandatory="No" redcap:Variable="status"/>
	</ItemGroupDef>
	<ItemGroupDef OID="demographics.demographics_complete" Name="Form Status" Repeating="No">
		<ItemRef ItemOID="demographics_complete" Mandatory="No" redcap:Variable="demographics_complete"/>
	</ItemGroupDef>
	<ItemDef OID="record_id" Name="record_id" DataType="text" Length="999" redcap:Variable="record_id" redcap:FieldType="text">
		<Question><TranslatedText>Record ID</TranslatedText></Question>
	</ItemDef>
	<ItemDef OID="gender" Name="gender" DataType="text" Length="1" redcap:Variable="gender" redcap:FieldType="select" redcap:FieldNote="Notes are for users!!!" redcap:FieldAnnotation="{
 &quot;concept&quot;:{
  &quot;terminology&quot;:&quot;SNOMEDCT&quot;,
  &quot;version&quot;:&quot;2020-03-09&quot;,
  &quot;SCTID&quot;:&quot;263495000&quot;,
  &quot;Name&quot;:&quot;Gender (observable entity)&quot;
 },
 &quot;values&quot;:[
  {
   &quot;concept&quot;:{
    &quot;terminology&quot;:&quot;SNOMEDCT&quot;,
    &quot;version&quot;:&quot;2020-03-09&quot;,
    &quot;SCTID&quot;:&quot;248153007&quot;,
    &quot;Name&quot;:&quot;Male (finding)&quot;
   },
   &quot;label&quot;:&quot;M&quot;,
   &quot;value&quot;:&quot;1&quot;
  },
  {
   &quot;concept&quot;:{
    &quot;terminology&quot;:&quot;SNOMEDCT&quot;,
    &quot;version&quot;:&quot;2020-03-09&quot;,
    &quot;SCTID&quot;:&quot;248152002&quot;,
    &quot;Name&quot;:&quot;Female (finding)&quot;
   },
   &quot;label&quot;:&quot;F&quot;,
   &quot;value&quot;:&quot;2&quot;
  }
 ]
}">
		<Question><TranslatedText>Gender</TranslatedText></Question>
		<CodeListRef CodeListOID="gender.choices"/>
	</ItemDef>
	<ItemDef OID="dob" Name="dob" DataType="date" Length="999" redcap:Variable="dob" redcap:FieldType="text" redcap:TextValidationType="date_dmy" redcap:FieldAnnotation="XXX_SEMANTIC_GOES_HERE">
		<Question><TranslatedText>Date of birth</TranslatedText></Question>
	</ItemDef>
	<ItemDef OID="status" Name="status" DataType="text" Length="1" redcap:Variable="status" redcap:FieldType="radio" redcap:FieldAnnotation="obo:PATO_0001422
obo:PATO_0001421
snomedct:399307001
hl7:C4291647">
		<Question><TranslatedText>Status</TranslatedText></Question>
		<CodeListRef CodeListOID="status.choices"/>
	</ItemDef>
	<ItemDef OID="demographics_complete" Name="demographics_complete" DataType="text" Length="1" redcap:Variable="demographics_complete" redcap:FieldType="select" redcap:SectionHeader="Form Status">
		<Question><TranslatedText>Complete?</TranslatedText></Question>
		<CodeListRef CodeListOID="demographics_complete.choices"/>
	</ItemDef>
	<CodeList OID="gender.choices" Name="gender" DataType="text" redcap:Variable="gender">
		<CodeListItem CodedValue="1"><Decode><TranslatedText>M</TranslatedText></Decode></CodeListItem>
		<CodeListItem CodedValue="2"><Decode><TranslatedText>F</TranslatedText></Decode></CodeListItem>
	</CodeList>
	<CodeList OID="status.choices" Name="status" DataType="text" redcap:Variable="status">
		<CodeListItem CodedValue="1"><Decode><TranslatedText>Alive</TranslatedText></Decode></CodeListItem>
		<CodeListItem CodedValue="2"><Decode><TranslatedText>Dead</TranslatedText></Decode></CodeListItem>
		<CodeListItem CodedValue="3"><Decode><TranslatedText>Lost in follow-up</TranslatedText></Decode></CodeListItem>
		<CodeListItem CodedValue="4"><Decode><TranslatedText>Opted-out</TranslatedText></Decode></CodeListItem>
	</CodeList>
	<CodeList OID="demographics_complete.choices" Name="demographics_complete" DataType="text" redcap:Variable="demographics_complete">
		<CodeListItem CodedValue="0"><Decode><TranslatedText>Incomplete</TranslatedText></Decode></CodeListItem>
		<CodeListItem CodedValue="1"><Decode><TranslatedText>Unverified</TranslatedText></Decode></CodeListItem>
		<CodeListItem CodedValue="2"><Decode><TranslatedText>Complete</TranslatedText></Decode></CodeListItem>
	</CodeList>
</MetaDataVersion>
</Study>
<ClinicalData StudyOID="Project.TESTHACKATON" MetaDataVersionOID="Metadata.TESTHACKATON_2020-06-25_1346">
	<SubjectData SubjectKey="1" redcap:RecordIdField="record_id">
			<FormData FormOID="Form.demographics" FormRepeatKey="1">
				<ItemGroupData ItemGroupOID="demographics.record_id" ItemGroupRepeatKey="1">
					<ItemData ItemOID="record_id" Value="1"/>
					<ItemData ItemOID="gender" Value="1"/>
					<ItemData ItemOID="dob" Value="1920-06-25"/>
					<ItemData ItemOID="status" Value="3"/>
				</ItemGroupData>
				<ItemGroupData ItemGroupOID="demographics.demographics_complete" ItemGroupRepeatKey="1">
					<ItemData ItemOID="demographics_complete" Value="2"/>
				</ItemGroupData>
			</FormData>
	</SubjectData>
	<SubjectData SubjectKey="2" redcap:RecordIdField="record_id">
			<FormData FormOID="Form.demographics" FormRepeatKey="1">
				<ItemGroupData ItemGroupOID="demographics.record_id" ItemGroupRepeatKey="1">
					<ItemData ItemOID="record_id" Value="2"/>
					<ItemData ItemOID="gender" Value="2"/>
					<ItemData ItemOID="dob" Value="1981-06-15"/>
					<ItemData ItemOID="status" Value="1"/>
				</ItemGroupData>
				<ItemGroupData ItemGroupOID="demographics.demographics_complete" ItemGroupRepeatKey="1">
					<ItemData ItemOID="demographics_complete" Value="2"/>
				</ItemGroupData>
			</FormData>
	</SubjectData>
</ClinicalData>
</ODM>