<?xml version="1.0" encoding="UTF-8" ?>
<ODM xmlns="http://www.cdisc.org/ns/odm/v1.3" xmlns:ds="http://www.w3.org/2000/09/xmldsig#" xmlns:xsi="http://www.w3.org/2001/XMLSchema-instance" xmlns:redcap="https://projectredcap.org" xsi:schemaLocation="http://www.cdisc.org/ns/odm/v1.3 schema/odm/ODM1-3-1.xsd" ODMVersion="1.3.1" FileOID="000-00-0000" FileType="Snapshot" Description="TEST HACKATON" AsOfDateTime="2020-06-25T13:40:12" CreationDateTime="2020-06-25T13:40:12" SourceSystem="REDCap" SourceSystemVersion="8.5.22">
<ClinicalData StudyOID="Project.TESTHACKATON" MetaDataVersionOID="Metadata.TESTHACKATON_2020-06-25_1340">
	<SubjectData SubjectKey="1" redcap:RecordIdField="record_id">
			<FormData FormOID="Form.demographics" FormRepeatKey="1">
				<ItemGroupData ItemGroupOID="demographics.record_id" ItemGroupRepeatKey="1">
					<ItemData ItemOID="record_id" Value="1"/>
					<ItemData ItemOID="gender" Value="1"/>
					<ItemData ItemOID="dob" Value="1920-06-25"/>
					<ItemData ItemOID="status" Value="3"/>
				</ItemGroupData>
				<ItemGroupData ItemGroupOID="demographics.demographics_complete" ItemGroupRepeatKey="1">
					<ItemData ItemOID="demographics_complete" Value="2"/>
				</ItemGroupData>
			</FormData>
	</SubjectData>
	<SubjectData SubjectKey="2" redcap:RecordIdField="record_id">
			<FormData FormOID="Form.demographics" FormRepeatKey="1">
				<ItemGroupData ItemGroupOID="demographics.record_id" ItemGroupRepeatKey="1">
					<ItemData ItemOID="record_id" Value="2"/>
					<ItemData ItemOID="gender" Value="2"/>
					<ItemData ItemOID="dob" Value="1981-06-15"/>
					<ItemData ItemOID="status" Value="1"/>
				</ItemGroupData>
				<ItemGroupData ItemGroupOID="demographics.demographics_complete" ItemGroupRepeatKey="1">
					<ItemData ItemOID="demographics_complete" Value="2"/>
				</ItemGroupData>
			</FormData>
	</SubjectData>
</ClinicalData>
</ODM>